{"cameraMode":{"drawMode":0,"name":"Shaded","section":"Shading Mode"},"sceneLighting":true,"audioPlay":false,"sceneViewState":{"m_AlwaysRefresh":false,"showFog":true,"showSkybox":true,"showFlares":true,"showImageEffects":true,"showParticleSystems":true,"showVisualEffectGraphs":true,"m_FxEnabled":true},"in2DMode":false,"pivot":{"x":0.407068133354187,"y":-20.984798431396486,"z":-10.036507606506348},"rotation":{"x":0.026521258056163789,"y":-0.8254473805427551,"z":0.5625506639480591,"w":0.03889261931180954},"size":12.12435531616211,"orthographic":false}