{"cameraMode":{"drawMode":0,"name":"Shaded","section":"Shading Mode"},"sceneLighting":true,"audioPlay":false,"sceneViewState":{"m_AlwaysRefresh":false,"showFog":true,"showSkybox":true,"showFlares":true,"showImageEffects":true,"showParticleSystems":true,"showVisualEffectGraphs":true,"m_FxEnabled":true},"in2DMode":false,"pivot":{"x":0.14703497290611268,"y":0.11613965034484863,"z":-0.29691314697265627},"rotation":{"x":0.49330663681030276,"y":-0.0605316162109375,"z":0.03369543328881264,"w":0.8671565055847168},"size":0.7842108607292175,"orthographic":false}