{"cameraMode":{"drawMode":0,"name":"Shaded","section":"Shading Mode"},"sceneLighting":true,"audioPlay":false,"sceneViewState":{"m_AlwaysRefresh":false,"showFog":true,"showSkybox":true,"showFlares":true,"showImageEffects":true,"showParticleSystems":true,"showVisualEffectGraphs":true,"m_FxEnabled":true},"in2DMode":false,"pivot":{"x":2.6867001056671144,"y":1.3932090997695923,"z":-1.2434693574905396},"rotation":{"x":0.00896723847836256,"y":0.8960657715797424,"z":-0.005284070037305355,"w":0.4458934962749481},"size":1.1672497987747193,"orthographic":false}