{"cameraMode":{"drawMode":0,"name":"Shaded","section":"Shading Mode"},"sceneLighting":true,"audioPlay":false,"sceneViewState":{"m_AlwaysRefresh":false,"showFog":true,"showSkybox":true,"showFlares":true,"showImageEffects":true,"showParticleSystems":true,"showVisualEffectGraphs":true,"m_FxEnabled":true},"in2DMode":false,"pivot":{"x":0.889906644821167,"y":1.16315758228302,"z":0.21972039341926576},"rotation":{"x":0.023554518818855287,"y":-0.9846956133842468,"z":0.15076860785484315,"w":0.1018957570195198},"size":0.508244514465332,"orthographic":false}