{"cameraMode":{"drawMode":0,"name":"Shaded","section":"Shading Mode"},"sceneLighting":true,"audioPlay":false,"sceneViewState":{"m_AlwaysRefresh":false,"showFog":true,"showSkybox":true,"showFlares":true,"showImageEffects":true,"showParticleSystems":true,"showVisualEffectGraphs":true,"m_FxEnabled":true},"in2DMode":false,"pivot":{"x":0.5884804725646973,"y":0.7502944469451904,"z":-0.33092522621154787},"rotation":{"x":-0.21993893384933473,"y":0.6351219415664673,"z":-0.1963806003332138,"w":-0.7147977948188782},"size":0.1043294370174408,"orthographic":false}