{"cameraMode":{"drawMode":0,"name":"Shaded","section":"Shading Mode"},"sceneLighting":true,"audioPlay":false,"sceneViewState":{"m_AlwaysRefresh":false,"showFog":true,"showSkybox":true,"showFlares":true,"showImageEffects":true,"showParticleSystems":true,"showVisualEffectGraphs":true,"m_FxEnabled":true},"in2DMode":false,"pivot":{"x":-0.30736637115478518,"y":0.44650840759277346,"z":0.6411095261573792},"rotation":{"x":0.5126128196716309,"y":0.20969127118587495,"z":-0.13389761745929719,"w":0.8236104249954224},"size":0.508244514465332,"orthographic":false}