{"cameraMode":{"drawMode":0,"name":"Shaded","section":"Shading Mode"},"sceneLighting":true,"audioPlay":false,"sceneViewState":{"m_AlwaysRefresh":false,"showFog":true,"showSkybox":true,"showFlares":true,"showImageEffects":true,"showParticleSystems":true,"showVisualEffectGraphs":true,"m_FxEnabled":true},"in2DMode":false,"pivot":{"x":-0.49622997641563418,"y":0.8303655982017517,"z":-0.22716782987117768},"rotation":{"x":0.18630944192409516,"y":0.2615240514278412,"z":-0.060159098356962207,"w":0.9469524621963501},"size":0.508244514465332,"orthographic":false}