{"cameraMode":{"drawMode":0,"name":"Shaded","section":"Shading Mode"},"sceneLighting":true,"audioPlay":false,"sceneViewState":{"m_AlwaysRefresh":false,"showFog":true,"showSkybox":true,"showFlares":true,"showImageEffects":true,"showParticleSystems":true,"showVisualEffectGraphs":true,"m_FxEnabled":true},"in2DMode":false,"pivot":{"x":1.313002347946167,"y":-3.1653876304626467,"z":6.135772228240967},"rotation":{"x":-0.24422971904277802,"y":-0.11481518298387528,"z":0.027416016906499864,"w":-0.9633008241653442},"size":3.1902198791503908,"orthographic":false}