{"cameraMode":{"drawMode":0,"name":"Shaded","section":"Shading Mode"},"sceneLighting":true,"audioPlay":false,"sceneViewState":{"m_AlwaysRefresh":false,"showFog":true,"showSkybox":true,"showFlares":true,"showImageEffects":true,"showParticleSystems":true,"showVisualEffectGraphs":true,"m_FxEnabled":true},"in2DMode":false,"pivot":{"x":0.21586205065250398,"y":-4.156425952911377,"z":-4.046096324920654},"rotation":{"x":0.0056307739578187469,"y":0.9254029989242554,"z":-0.3803960382938385,"w":0.013020503334701062},"size":3.200632333755493,"orthographic":false}