{"cameraMode":{"drawMode":0,"name":"Shaded","section":"Shading Mode"},"sceneLighting":true,"audioPlay":false,"sceneViewState":{"m_AlwaysRefresh":false,"showFog":true,"showSkybox":true,"showFlares":true,"showImageEffects":true,"showParticleSystems":true,"showVisualEffectGraphs":true,"m_FxEnabled":true},"in2DMode":false,"pivot":{"x":0.6798534393310547,"y":1.1625813245773316,"z":-0.910534143447876},"rotation":{"x":0.14700204133987428,"y":0.8119084239006043,"z":-0.22933489084243775,"w":0.5209943056106567},"size":0.8660253882408142,"orthographic":false}