{"cameraMode":{"drawMode":0,"name":"Shaded","section":"Shading Mode"},"sceneLighting":true,"audioPlay":false,"sceneViewState":{"m_AlwaysRefresh":false,"showFog":true,"showSkybox":true,"showFlares":true,"showImageEffects":true,"showParticleSystems":true,"showVisualEffectGraphs":true,"m_FxEnabled":true},"in2DMode":false,"pivot":{"x":-0.04665064811706543,"y":1.1763606071472169,"z":0.2505629062652588},"rotation":{"x":0.0902506485581398,"y":0.8767297863960266,"z":-0.1819634735584259,"w":0.43851515650749209},"size":1.1672499179840088,"orthographic":false}