{"cameraMode":{"drawMode":0,"name":"Shaded","section":"Shading Mode"},"sceneLighting":true,"audioPlay":false,"sceneViewState":{"m_AlwaysRefresh":false,"showFog":true,"showSkybox":true,"showFlares":true,"showImageEffects":true,"showParticleSystems":true,"showVisualEffectGraphs":true,"m_FxEnabled":true},"in2DMode":false,"pivot":{"x":-0.7155461311340332,"y":-0.9605448246002197,"z":3.6840109825134279},"rotation":{"x":0.2323383241891861,"y":-0.2088840901851654,"z":0.05247928947210312,"w":0.9493094682693481},"size":3.1902198791503908,"orthographic":false}