{"cameraMode":{"drawMode":0,"name":"Shaded","section":"Shading Mode"},"sceneLighting":true,"audioPlay":false,"sceneViewState":{"m_AlwaysRefresh":false,"showFog":true,"showSkybox":true,"showFlares":true,"showImageEffects":true,"showParticleSystems":true,"showVisualEffectGraphs":true,"m_FxEnabled":true},"in2DMode":false,"pivot":{"x":1.1233006715774537,"y":2.0962438583374025,"z":0.32207122445106509},"rotation":{"x":0.1531921923160553,"y":0.6230771541595459,"z":-0.1276191622018814,"w":0.7566502690315247},"size":0.8660253882408142,"orthographic":false}