{"cameraMode":{"drawMode":0,"name":"Shaded","section":"Shading Mode"},"sceneLighting":true,"audioPlay":false,"sceneViewState":{"m_AlwaysRefresh":false,"showFog":true,"showSkybox":true,"showFlares":true,"showImageEffects":true,"showParticleSystems":true,"showVisualEffectGraphs":true,"m_FxEnabled":true},"in2DMode":false,"pivot":{"x":0.10103163123130799,"y":1.329980731010437,"z":1.6728390455245972},"rotation":{"x":0.047776371240615848,"y":-0.4817153215408325,"z":0.030241666361689569,"w":0.8755216598510742},"size":0.8660253882408142,"orthographic":false}