{"cameraMode":{"drawMode":0,"name":"Shaded","section":"Shading Mode"},"sceneLighting":true,"audioPlay":false,"sceneViewState":{"m_AlwaysRefresh":false,"showFog":true,"showSkybox":true,"showFlares":true,"showImageEffects":true,"showParticleSystems":true,"showVisualEffectGraphs":true,"m_FxEnabled":true},"in2DMode":false,"pivot":{"x":0.437695175409317,"y":-0.3819504976272583,"z":-1.1163330078125},"rotation":{"x":0.020891139283776284,"y":-0.9319851994514465,"z":0.35947251319885256,"w":0.054895780980587009},"size":1.0043294429779053,"orthographic":false}