{"cameraMode":{"drawMode":0,"name":"Shaded","section":"Shading Mode"},"sceneLighting":false,"audioPlay":false,"sceneViewState":{"m_AlwaysRefresh":false,"showFog":true,"showSkybox":false,"showFlares":true,"showImageEffects":true,"showParticleSystems":true,"showVisualEffectGraphs":true,"m_FxEnabled":true},"in2DMode":false,"pivot":{"x":0.0012302212417125702,"y":-0.0006479546427726746,"z":0.3733653724193573},"rotation":{"x":-0.24453432857990266,"y":0.10072159767150879,"z":-0.025548217818140985,"w":-0.9640663862228394},"size":0.034206174314022067,"orthographic":false}