{"cameraMode":{"drawMode":0,"name":"Shaded","section":"Shading Mode"},"sceneLighting":false,"audioPlay":false,"sceneViewState":{"m_AlwaysRefresh":false,"showFog":true,"showSkybox":false,"showFlares":true,"showImageEffects":true,"showParticleSystems":true,"showVisualEffectGraphs":true,"m_FxEnabled":true},"in2DMode":false,"pivot":{"x":-0.09384314715862274,"y":-0.11984337866306305,"z":0.16548001766204835},"rotation":{"x":-0.005121773108839989,"y":0.9948610663414002,"z":-0.06846469640731812,"w":-0.0744536891579628},"size":0.2519395351409912,"orthographic":false}