{"cameraMode":{"drawMode":0,"name":"Shaded","section":"Shading Mode"},"sceneLighting":false,"audioPlay":false,"sceneViewState":{"m_AlwaysRefresh":false,"showFog":true,"showSkybox":false,"showFlares":true,"showImageEffects":true,"showParticleSystems":true,"showVisualEffectGraphs":true,"m_FxEnabled":true},"in2DMode":false,"pivot":{"x":0.30100059509277346,"y":0.07764307409524918,"z":-0.02302020601928234},"rotation":{"x":-0.13528238236904145,"y":0.715415894985199,"z":-0.14443492889404298,"w":-0.6700958013534546},"size":0.2519395351409912,"orthographic":false}